destination_airport_id,destination_airport_seq_id,origin_airport_id,origin_airport_seq_id,city_abr,departures_scheduled,departures_preformed
11292,1129202,12954,1295403,CA,0,1
14771,1477102,11292,1129202,CO,0,1
11292,1129202,14771,1477102,CA,0,1
10325,1032504,11423,1142304,IA,0,1
11315,1131502,11292,1129202,CO,0,1
12389,1238902,11292,1129202,CO,0,2
11292,1129202,11315,1131502,ND,0,1
15016,1501603,11503,1150303,CO,0,1
11503,1150303,15016,1501603,MO,0,1
11503,1150303,12544,1254403,NC,0,1
11292,1129202,10397,1039705,GA,0,1
11996,1199603,11292,1129202,CO,0,1
15570,1557001,11109,1110902,CO,0,1
11109,1110902,12889,1288903,NV,0,1
10800,1080003,10372,1037203,CO,0,1
11503,1150303,10800,1080003,CA,0,2
10800,1080003,11503,1150303,CO,0,2
10372,1037203,14869,1486903,UT,0,1
14107,1410702,11292,1129202,CO,0,1
11292,1129202,14100,1410002,PA,0,1
11109,1110902,10397,1039705,GA,0,1
10397,1039705,11109,1110902,CO,0,1
11298,1129804,11109,1110902,CO,0,1
11292,1129202,11122,1112203,WY,0,1
10397,1039705,11292,1129202,CO,0,1
11193,1119302,11292,1129202,CO,0,1
11433,1143302,11292,1129202,CO,0,1
11775,1177502,11292,1129202,CO,0,1
12889,1288903,11292,1129202,CO,0,1
14679,1467903,11292,1129202,CO,0,1
14869,1486903,11292,1129202,CO,0,1
11292,1129202,11433,1143302,MI,0,1
11292,1129202,13487,1348702,MN,0,1
11292,1129202,13851,1385103,OK,0,1
11292,1129202,14771,1477102,CA,0,2
11292,1129202,14869,1486903,UT,0,1
11292,1129202,10529,1052904,CT,0,1
16091,1609103,11109,1110902,CO,0,1
11109,1110902,13796,1379604,CA,0,1
11292,1129202,10558,1055803,NE,0,1
11042,1104203,11292,1129202,CO,0,1
12448,1244805,11292,1129202,CO,0,1
12892,1289205,11292,1129202,CO,0,1
13303,1330303,11292,1129202,CO,0,1
14524,1452401,11292,1129202,CO,0,1
11292,1129202,13341,1334102,MO,0,1
11292,1129202,11109,1110902,CO,0,2
11292,1129202,11233,1123302,WY,0,2
11292,1129202,11233,1123302,WY,0,1
11109,1110902,11259,1125903,TX,0,1
10792,1079204,11292,1129202,CO,0,1
11140,1114006,11292,1129202,CO,0,1
11481,1148102,11292,1129202,CO,0,1
11973,1197302,11292,1129202,CO,0,1
12896,1289605,11292,1129202,CO,0,1
12992,1299204,11292,1129202,CO,0,1
11109,1110902,14831,1483104,CA,0,1
11292,1129202,11109,1110902,CO,0,1
10423,1042302,10325,1032504,CO,0,1
13930,1393004,10325,1032504,CO,0,1
14831,1483104,10325,1032504,CO,0,1
10325,1032504,10423,1042302,TX,0,1
10325,1032504,11066,1106603,OH,0,1
10372,1037203,14792,1479201,TX,0,1
11292,1129202,10466,1046602,AZ,0,2
11292,1129202,10747,1074702,TX,0,1
13796,1379604,11292,1129202,CO,0,1
14275,1427502,11292,1129202,CO,0,1
14869,1486903,11292,1129202,CO,0,3
11921,1192102,11563,1156303,UT,0,1
11563,1156303,11921,1192102,CO,0,1
11292,1129202,14576,1457604,NY,0,1
11292,1129202,15370,1537002,OK,0,1
11292,1129202,11376,1137601,IL,0,1
13342,1334205,11292,1129202,CO,0,1
11292,1129202,14570,1457002,NV,0,1
10590,1059004,11292,1129202,CO,0,2
10590,1059004,11719,1171902,CO,0,1
11292,1129202,10590,1059004,AZ,0,1
11719,1171902,10590,1059004,AZ,0,1
13502,1350202,10590,1059004,AZ,0,1
14288,1428803,10590,1059004,AZ,0,1
10590,1059004,13502,1350202,CO,0,1
10590,1059004,14288,1428803,CO,0,1
14288,1428803,11840,1184002,AL,0,1
13796,1379604,14288,1428803,CO,0,1
11292,1129202,11193,1119302,KY,0,22
11193,1119302,11292,1129202,CO,0,22
11109,1110902,14747,1474703,WA,0,1
13851,1385103,11292,1129202,CO,0,1
11292,1129202,10325,1032504,CO,0,1
11292,1129202,10558,1055803,NE,0,44
11292,1129202,11283,1128302,KS,0,19
10558,1055803,11292,1129202,CO,0,45
11283,1128302,11292,1129202,CO,0,23
11292,1129202,11292,1129202,CO,0,3
11468,1146802,11292,1129202,CO,0,56
12899,1289902,11292,1129202,CO,0,48
12902,1290203,11292,1129202,CO,0,19
11292,1129202,11468,1146802,NE,0,56
11292,1129202,12899,1289902,NE,0,48
10325,1032504,12902,1290203,KS,0,1
11292,1129202,12902,1290203,KS,0,21
14081,1408102,11292,1129202,CO,0,1
11711,1171102,14288,1428803,CO,0,1
11292,1129202,11292,1129202,CO,0,1
11292,1129202,10558,1055803,NE,1,1
10409,1040903,11292,1129202,CO,1,1
12389,1238902,11292,1129202,CO,1,1
11292,1129202,12389,1238902,ND,1,3
12889,1288903,11921,1192102,CO,1,1
11921,1192102,12889,1288903,NV,1,1
11292,1129202,11109,1110902,CO,1,1
11298,1129804,11109,1110902,CO,1,1
12278,1227803,11109,1110902,CO,1,1
10721,1072102,11292,1129202,CO,1,1
12892,1289205,11292,1129202,CO,1,1
12992,1299204,11292,1129202,CO,1,1
11292,1129202,13204,1320402,FL,1,1
11109,1110902,13930,1393004,IL,1,1
11292,1129202,14492,1449202,NC,1,1
11292,1129202,14771,1477102,CA,1,1
11109,1110902,14869,1486903,UT,1,1
13487,1348702,11292,1129202,CO,1,1
13487,1348702,11292,1129202,CO,1,2
14869,1486903,11292,1129202,CO,1,1
11292,1129202,11433,1143302,MI,1,1
11292,1129202,13487,1348702,MN,1,1
15370,1537002,11292,1129202,CO,1,1
11292,1129202,11986,1198603,MI,1,1
11292,1129202,11097,1109702,WY,1,1
12992,1299204,11109,1110902,CO,1,1
13486,1348602,11109,1110902,CO,1,1
15376,1537602,11109,1110902,CO,1,1
11292,1129202,11122,1112203,WY,1,1
11109,1110902,11278,1127803,VA,1,1
10140,1014003,11292,1129202,CO,1,1
10397,1039705,11292,1129202,CO,1,1
10423,1042302,11292,1129202,CO,1,1
11003,1100303,11292,1129202,CO,1,1
11097,1109702,11292,1129202,CO,1,1
11122,1112203,11292,1129202,CO,1,1
11298,1129804,11292,1129202,CO,1,1
11986,1198603,11292,1129202,CO,1,1
12266,1226603,11292,1129202,CO,1,1
12441,1244102,11292,1129202,CO,1,1
13264,1326403,11292,1129202,CO,1,1
13871,1387102,11292,1129202,CO,1,1
13930,1393004,11292,1129202,CO,1,1
14489,1448902,11292,1129202,CO,1,1
14679,1467903,11292,1129202,CO,1,1
14730,1473003,11292,1129202,CO,1,1
14771,1477102,11292,1129202,CO,1,1
14908,1490803,11292,1129202,CO,1,1
15041,1504102,11292,1129202,CO,1,1
11109,1110902,11298,1129804,TX,1,1
12892,1289205,11921,1192102,CO,1,1
11292,1129202,12266,1226603,TX,1,1
11292,1129202,12441,1244102,WY,1,1
11292,1129202,12888,1288802,WY,1,1
11292,1129202,12892,1289205,CA,1,1
11292,1129202,12992,1299204,AR,1,1
11292,1129202,13264,1326403,OR,1,1
11109,1110902,13486,1348602,MT,1,1
11292,1129202,13930,1393004,IL,1,1
11292,1129202,14057,1405702,OR,1,1
11921,1192102,14252,1425202,WA,1,1
11292,1129202,14679,1467903,CA,1,1
11292,1129202,14683,1468303,TX,1,1
11109,1110902,14794,1479403,UT,1,1
11292,1129202,14893,1489302,CA,1,1
11292,1129202,14908,1490803,CA,1,1
11292,1129202,10140,1014003,NM,1,1
11292,1129202,10529,1052904,CT,1,1
11292,1129202,10721,1072102,MA,1,1
11292,1129202,10849,1084903,MT,1,1
10620,1062002,11292,1129202,CO,1,1
10849,1084903,11292,1129202,CO,1,1
11193,1119302,11292,1129202,CO,1,1
11433,1143302,11292,1129202,CO,1,1
11697,1169704,11292,1129202,CO,1,1
12264,1226402,11292,1129202,CO,1,1
12889,1288903,11292,1129202,CO,1,1
13198,1319801,11292,1129202,CO,1,1
13204,1320402,11292,1129202,CO,1,1
14100,1410002,11292,1129202,CO,1,1
14262,1426204,11292,1129202,CO,1,1
14524,1452401,11292,1129202,CO,1,1
14570,1457002,11292,1129202,CO,1,1
15016,1501603,11292,1129202,CO,1,1
11292,1129202,12264,1226402,VA,1,1
11292,1129202,13198,1319801,MO,1,1
11292,1129202,14262,1426204,CA,1,1
11292,1129202,14524,1452401,VA,1,1
11292,1129202,14570,1457002,NV,1,1
11292,1129202,14689,1468902,CA,1,1
11292,1129202,14771,1477102,CA,1,2
11292,1129202,15016,1501603,MO,1,1
11292,1129202,15370,1537002,OK,1,1
11292,1129202,10994,1099402,SC,1,1
11292,1129202,11042,1104203,OH,1,1
10713,1071302,11292,1129202,CO,1,1
13342,1334205,11292,1129202,CO,1,1
14057,1405702,11292,1129202,CO,1,1
14635,1463502,11292,1129202,CO,1,1
11292,1129202,13495,1349503,LA,1,1
11292,1129202,14122,1412202,PA,1,1
11292,1129202,14635,1463502,FL,1,1
11292,1129202,10397,1039705,GA,1,1
11042,1104203,11292,1129202,CO,1,1
11109,1110902,11292,1129202,CO,1,1
11423,1142304,11292,1129202,CO,1,1
12278,1227803,11292,1129202,CO,1,1
11292,1129202,12278,1227803,KS,1,1
11292,1129202,14730,1473003,KY,1,1
11292,1129202,11193,1119302,KY,1,1
11066,1106603,11292,1129202,CO,1,1
12339,1233904,11292,1129202,CO,1,1
13486,1348602,11292,1129202,CO,1,1
14107,1410702,11292,1129202,CO,1,1
15412,1541203,11292,1129202,CO,1,1
11292,1129202,12339,1233904,IN,1,1
11292,1129202,13486,1348602,MT,1,1
11292,1129202,14107,1410702,AZ,1,1
11292,1129202,15304,1530402,FL,1,1
11292,1129202,15412,1541203,TN,1,1
13495,1349503,11292,1129202,CO,1,1
15376,1537602,11292,1129202,CO,1,1
14869,1486903,11921,1192102,CO,1,1
11921,1192102,13244,1324402,TN,1,1
11292,1129202,13796,1379604,CA,1,1
12891,1289102,13502,1350202,CO,1,1
11413,1141304,11292,1129202,CO,1,1
11292,1129202,11413,1141304,CO,1,1
13502,1350202,11298,1129804,TX,1,1
11298,1129804,13502,1350202,CO,1,1
14877,1487704,11292,1129202,CO,1,6
11292,1129202,14877,1487704,KS,1,6
15016,1501603,11109,1110902,CO,1,1
12012,1201203,12266,1226603,TX,1,1
10559,1055902,11292,1129202,CO,1,1
11292,1129202,14869,1486903,UT,1,1
14057,1405702,11292,1129202,CO,2,2
11292,1129202,12892,1289205,CA,2,2
11292,1129202,14100,1410002,PA,2,2
13487,1348702,11292,1129202,CO,2,2
11292,1129202,14869,1486903,UT,2,2
11986,1198603,11292,1129202,CO,2,2
11292,1129202,11423,1142304,IA,2,2
11292,1129202,11109,1110902,CO,2,2
11109,1110902,11292,1129202,CO,2,2
11921,1192102,11292,1129202,CO,2,2
12003,1200302,11292,1129202,CO,2,2
14683,1468303,11292,1129202,CO,2,2
11109,1110902,11638,1163805,CA,2,1
10372,1037203,11921,1192102,CO,2,2
11292,1129202,11921,1192102,CO,2,2
11298,1129804,11921,1192102,CO,2,2
11292,1129202,12003,1200302,MT,2,2
11921,1192102,13930,1393004,IL,2,2
11292,1129202,14679,1467903,CA,2,2
11292,1129202,15919,1591902,AR,2,2
11292,1129202,10397,1039705,GA,2,2
11292,1129202,11193,1119302,KY,2,2
11292,1129202,11278,1127803,VA,2,2
10397,1039705,11292,1129202,CO,2,2
10721,1072102,11292,1129202,CO,2,2
11278,1127803,11292,1129202,CO,2,2
11884,1188402,11292,1129202,CO,2,2
12278,1227803,11292,1129202,CO,2,2
14492,1449202,11292,1129202,CO,2,2
14689,1468902,11292,1129202,CO,2,2
15304,1530402,11292,1129202,CO,2,2
15376,1537602,11292,1129202,CO,2,2
11292,1129202,11603,1160302,OR,2,2
11292,1129202,11618,1161802,NJ,2,2
11292,1129202,11884,1188402,WA,2,2
11292,1129202,11986,1198603,MI,2,2
11292,1129202,12278,1227803,KS,2,2
11292,1129202,12889,1288903,NV,2,2
11292,1129202,15304,1530402,FL,2,2
11292,1129202,15376,1537602,AZ,2,2
11292,1129202,10713,1071302,ID,2,2
10140,1014003,11292,1129202,CO,2,2
10821,1082104,11292,1129202,CO,2,2
10994,1099402,11292,1129202,CO,2,2
11066,1106603,11292,1129202,CO,2,2
14730,1473003,11292,1129202,CO,2,2
14869,1486903,11292,1129202,CO,2,2
11292,1129202,14057,1405702,OR,2,2
11292,1129202,14747,1474703,WA,2,2
11292,1129202,14831,1483104,CA,2,2
11292,1129202,11066,1106603,OH,2,2
10599,1059904,11292,1129202,CO,2,2
15370,1537002,11292,1129202,CO,2,2
11292,1129202,13851,1385103,OK,2,2
13485,1348502,11292,1129202,CO,2,2
11292,1129202,13485,1348502,WI,2,2
11292,1129202,14492,1449202,NC,2,2
11292,1129202,14683,1468303,TX,2,2
10620,1062002,11292,1129202,CO,2,2
11540,1154003,11292,1129202,CO,2,2
11193,1119302,11292,1129202,CO,2,2
11292,1129202,11298,1129804,TX,3,3
11292,1129202,10849,1084903,MT,3,3
10849,1084903,11292,1129202,CO,3,3
13487,1348702,11292,1129202,CO,3,3
14730,1473003,11292,1129202,CO,3,3
11292,1129202,13367,1336703,IL,3,3
11292,1129202,14730,1473003,KY,3,3
11292,1129202,10140,1014003,NM,3,3
11292,1129202,10279,1027903,TX,3,3
10279,1027903,11292,1129202,CO,3,3
11193,1119302,11292,1129202,CO,3,3
11267,1126702,11292,1129202,CO,3,3
11986,1198603,11292,1129202,CO,3,3
12896,1289605,11292,1129202,CO,3,3
13502,1350202,11292,1129202,CO,3,3
13891,1389101,11292,1129202,CO,3,3
14107,1410702,11292,1129202,CO,3,3
14262,1426204,11292,1129202,CO,3,3
14489,1448902,11292,1129202,CO,3,3
14683,1468303,11292,1129202,CO,3,3
15370,1537002,11292,1129202,CO,3,3
11292,1129202,11423,1142304,IA,3,3
11921,1192102,12892,1289205,CA,3,3
11292,1129202,12896,1289605,TX,3,3
11292,1129202,13502,1350202,CO,3,3
11292,1129202,13891,1389101,CA,3,3
11292,1129202,14107,1410702,AZ,3,3
11292,1129202,14457,1445702,SD,3,3
11292,1129202,10800,1080003,CA,3,3
11292,1129202,10821,1082104,MD,3,3
11292,1129202,11057,1105703,NC,3,3
10397,1039705,11292,1129202,CO,3,3
11618,1161802,11292,1129202,CO,3,3
13198,1319801,11292,1129202,CO,3,3
11292,1129202,13851,1385103,OK,3,3
11292,1129202,13930,1393004,IL,3,3
11292,1129202,14262,1426204,CA,3,3
11292,1129202,14492,1449202,NC,3,3
11292,1129202,10257,1025702,NY,3,3
11292,1129202,10397,1039705,GA,3,3
11292,1129202,10529,1052904,CT,3,3
10994,1099402,11292,1129202,CO,3,3
12339,1233904,11292,1129202,CO,3,3
12954,1295403,11292,1129202,CO,3,3
13495,1349503,11292,1129202,CO,3,2
13495,1349503,11292,1129202,CO,3,3
13871,1387102,11292,1129202,CO,3,3
13931,1393102,11292,1129202,CO,3,3
14747,1474703,11292,1129202,CO,3,3
14831,1483104,11292,1129202,CO,3,3
14893,1489302,11292,1129202,CO,3,3
15376,1537602,11292,1129202,CO,3,3
11292,1129202,12339,1233904,IN,3,3
11292,1129202,12954,1295403,CA,3,3
11292,1129202,13495,1349503,LA,3,3
11292,1129202,13871,1387102,NE,3,3
11292,1129202,13931,1393102,VA,3,3
11292,1129202,10599,1059904,AL,3,3
11292,1129202,11042,1104203,OH,3,3
10140,1014003,11292,1129202,CO,3,3
10693,1069302,11292,1129202,CO,3,3
11540,1154003,11292,1129202,CO,3,3
13244,1324402,11292,1129202,CO,3,3
13851,1385103,11292,1129202,CO,3,3
15919,1591902,11292,1129202,CO,3,3
11292,1129202,13244,1324402,TN,3,3
11292,1129202,13487,1348702,MN,3,3
11292,1129202,14683,1468303,TX,3,3
11292,1129202,15919,1591902,AR,3,3
11292,1129202,11003,1100303,IA,3,3
11003,1100303,11292,1129202,CO,3,3
11292,1129202,10620,1062002,MT,3,3
10620,1062002,11292,1129202,CO,3,3
14783,1478302,11292,1129202,CO,3,3
14814,1481402,11292,1129202,CO,3,3
11292,1129202,13198,1319801,MO,3,3
11292,1129202,14814,1481402,LA,3,3
11292,1129202,15376,1537602,AZ,3,3
11109,1110902,13930,1393004,IL,3,3
12892,1289205,11921,1192102,CO,4,4
11921,1192102,12892,1289205,CA,4,4
11298,1129804,11292,1129202,CO,4,4
11292,1129202,11298,1129804,TX,4,4
11292,1129202,10140,1014003,NM,4,4
10140,1014003,11292,1129202,CO,4,4
11884,1188402,11292,1129202,CO,4,4
13486,1348602,11292,1129202,CO,4,4
13487,1348702,11292,1129202,CO,4,4
14783,1478302,11292,1129202,CO,4,4
12892,1289205,11413,1141304,CO,4,4
11292,1129202,11884,1188402,WA,4,4
11413,1141304,12892,1289205,CA,4,4
11292,1129202,13198,1319801,MO,4,4
11292,1129202,13486,1348602,MT,4,4
11292,1129202,13487,1348702,MN,4,4
11292,1129202,13871,1387102,NE,4,4
11292,1129202,14783,1478302,MO,4,4
11292,1129202,10397,1039705,GA,4,4
11292,1129202,10849,1084903,MT,4,4
11292,1129202,11003,1100303,IA,4,4
11292,1129202,11066,1106603,OH,4,4
11292,1129202,11193,1119302,KY,4,4
10713,1071302,11292,1129202,CO,4,4
10849,1084903,11292,1129202,CO,4,4
11057,1105703,11292,1129202,CO,4,4
11066,1106603,11292,1129202,CO,4,4
11603,1160302,11292,1129202,CO,4,4
11648,1164802,11292,1129202,CO,4,4
12982,1298202,11292,1129202,CO,4,4
13485,1348502,11292,1129202,CO,4,5
13495,1349503,11292,1129202,CO,4,4
14100,1410002,11292,1129202,CO,4,4
14570,1457002,11292,1129202,CO,4,4
14771,1477102,11292,1129202,CO,4,4
11292,1129202,11433,1143302,MI,4,4
11292,1129202,11648,1164802,MT,4,4
11292,1129202,12982,1298202,HI,4,4
11292,1129202,13485,1348502,WI,4,4
11292,1129202,14570,1457002,NV,4,4
11292,1129202,10994,1099402,SC,4,4
10423,1042302,11292,1129202,CO,4,4
13931,1393102,11292,1129202,CO,4,4
14679,1467903,11292,1129202,CO,4,4
14683,1468303,11292,1129202,CO,4,4
14831,1483104,11292,1129202,CO,4,4
11292,1129202,13342,1334205,WI,4,4
11292,1129202,13931,1393102,VA,4,4
11292,1129202,14683,1468303,TX,4,4
11292,1129202,14869,1486903,UT,4,4
11292,1129202,15376,1537602,AZ,4,4
12339,1233904,11292,1129202,CO,4,4
11292,1129202,11540,1154003,TX,4,4
13342,1334205,11292,1129202,CO,4,4
14908,1490803,11292,1129202,CO,4,4
11292,1129202,14908,1490803,CA,4,4
12278,1227803,11292,1129202,CO,4,4
11292,1129202,12278,1227803,KS,4,4
13930,1393004,13502,1350202,CO,4,3
13502,1350202,13930,1393004,IL,4,4
10800,1080003,11292,1129202,CO,4,4
14730,1473003,11292,1129202,CO,4,4
14869,1486903,11292,1129202,CO,4,4
11003,1100303,11292,1129202,CO,5,5
12339,1233904,11292,1129202,CO,5,5
11292,1129202,12339,1233904,IN,5,5
11292,1129202,10620,1062002,MT,5,5
10397,1039705,11292,1129202,CO,5,5
10620,1062002,11292,1129202,CO,5,5
11042,1104203,11292,1129202,CO,5,5
11413,1141304,11292,1129202,CO,5,5
11648,1164802,11292,1129202,CO,5,5
12278,1227803,11292,1129202,CO,5,5
13198,1319801,11292,1129202,CO,5,5
13244,1324402,11292,1129202,CO,5,5
13433,1343302,11292,1129202,CO,5,5
13871,1387102,11292,1129202,CO,5,4
14689,1468902,11292,1129202,CO,5,5
11292,1129202,11413,1141304,CO,5,5
11292,1129202,13198,1319801,MO,5,5
11292,1129202,13244,1324402,TN,5,5
11292,1129202,14262,1426204,CA,5,4
11292,1129202,14869,1486903,UT,5,4
11292,1129202,10713,1071302,ID,5,5
11292,1129202,11057,1105703,NC,5,5
10821,1082104,11292,1129202,CO,5,5
11057,1105703,11292,1129202,CO,5,5
11193,1119302,11292,1129202,CO,5,5
11618,1161802,11292,1129202,CO,5,5
11884,1188402,11292,1129202,CO,5,5
13264,1326403,11292,1129202,CO,5,5
13891,1389101,11292,1129202,CO,5,5
14831,1483104,11292,1129202,CO,5,6
14893,1489302,11292,1129202,CO,5,5
15376,1537602,11292,1129202,CO,5,5
11292,1129202,11697,1169704,FL,5,5
11292,1129202,11884,1188402,WA,5,5
11292,1129202,13851,1385103,OK,5,5
11292,1129202,13891,1389101,CA,5,5
11292,1129202,14057,1405702,OR,5,5
11292,1129202,14747,1474703,WA,5,5
11292,1129202,14831,1483104,CA,5,5
11292,1129202,15376,1537602,AZ,5,5
11292,1129202,10693,1069302,TN,5,5
12954,1295403,11292,1129202,CO,5,5
13487,1348702,11292,1129202,CO,5,5
15016,1501603,11292,1129202,CO,5,5
11292,1129202,12191,1219102,TX,5,5
11292,1129202,12954,1295403,CA,5,5
11292,1129202,14122,1412202,PA,5,5
11292,1129202,15016,1501603,MO,5,5
14107,1410702,11292,1129202,CO,5,5
11292,1129202,14107,1410702,AZ,5,5
11292,1129202,13487,1348702,MN,5,5
11292,1129202,11233,1123302,WY,5,5
11233,1123302,11292,1129202,CO,5,5
13244,1324402,11292,1129202,CO,6,6
11292,1129202,13487,1348702,MN,6,6
13930,1393004,13502,1350202,CO,6,6
13502,1350202,13930,1393004,IL,6,6
11292,1129202,10397,1039705,GA,6,6
11292,1129202,11042,1104203,OH,6,6
12892,1289205,11109,1110902,CO,6,6
11057,1105703,11292,1129202,CO,6,6
13264,1326403,11292,1129202,CO,6,6
13964,1396403,11292,1129202,CO,6,6
11292,1129202,11423,1142304,IA,6,6
11292,1129202,11648,1164802,MT,6,6
11292,1129202,12278,1227803,KS,6,6
11292,1129202,13244,1324402,TN,6,6
11292,1129202,13433,1343302,ND,6,6
11292,1129202,13964,1396403,OR,6,6
11292,1129202,14489,1448902,OR,6,6
11292,1129202,14689,1468902,CA,6,6
11292,1129202,15370,1537002,OK,6,6
11292,1129202,15376,1537602,AZ,6,6
11292,1129202,10423,1042302,TX,6,6
11433,1143302,11292,1129202,CO,6,6
11986,1198603,11292,1129202,CO,6,6
12339,1233904,11292,1129202,CO,6,6
13198,1319801,11292,1129202,CO,6,6
13342,1334205,11292,1129202,CO,6,6
13495,1349503,11292,1129202,CO,6,6
11292,1129202,11618,1161802,NJ,6,6
11292,1129202,12339,1233904,IN,6,6
11292,1129202,13264,1326403,OR,6,6
11292,1129202,13342,1334205,WI,6,6
11292,1129202,14100,1410002,PA,6,6
11697,1169704,11292,1129202,CO,6,6
12451,1245102,11292,1129202,CO,6,7
13796,1379604,11292,1129202,CO,6,6
13851,1385103,11292,1129202,CO,6,6
11292,1129202,12451,1245102,FL,6,6
11292,1129202,14771,1477102,CA,6,6
11292,1129202,14869,1486903,UT,6,6
10397,1039705,11292,1129202,CO,6,5
11298,1129804,11292,1129202,CO,6,6
13871,1387102,11292,1129202,CO,6,6
14730,1473003,11292,1129202,CO,6,6
11921,1192102,11109,1110902,CO,6,6
11109,1110902,11921,1192102,CO,6,6
11775,1177502,11292,1129202,CO,6,6
12889,1288903,11921,1192102,CO,7,7
11921,1192102,12889,1288903,NV,7,7
15412,1541203,11292,1129202,CO,7,7
11292,1129202,15412,1541203,TN,7,7
11292,1129202,10423,1042302,TX,7,7
11292,1129202,10561,1056103,CA,7,7
11292,1129202,11057,1105703,NC,7,7
11921,1192102,11292,1129202,CO,7,7
14524,1452401,11292,1129202,CO,7,7
11292,1129202,14524,1452401,VA,7,7
11292,1129202,10620,1062002,MT,7,7
11292,1129202,10713,1071302,ID,7,7
11292,1129202,10800,1080003,CA,7,7
10620,1062002,11292,1129202,CO,7,7
10713,1071302,11292,1129202,CO,7,7
10800,1080003,11292,1129202,CO,7,7
11423,1142304,11292,1129202,CO,7,7
11603,1160302,11292,1129202,CO,7,7
13342,1334205,11292,1129202,CO,7,7
13851,1385103,11292,1129202,CO,7,7
14122,1412202,11292,1129202,CO,7,7
14869,1486903,11292,1129202,CO,7,7
11292,1129202,11423,1142304,IA,7,7
11292,1129202,11603,1160302,OR,7,7
11292,1129202,13198,1319801,MO,7,7
11292,1129202,13342,1334205,WI,7,7
11292,1129202,14100,1410002,PA,7,7
11292,1129202,14122,1412202,PA,7,7
11292,1129202,15370,1537002,OK,7,7
11292,1129202,11042,1104203,OH,7,7
11618,1161802,11292,1129202,CO,7,7
14193,1419304,11292,1129202,CO,7,7
14492,1449202,11292,1129202,CO,7,7
11292,1129202,14193,1419304,FL,7,7
11292,1129202,11003,1100303,IA,7,7
12094,1209402,11292,1129202,CO,7,7
11292,1129202,11775,1177502,SD,7,7
14730,1473003,11292,1129202,CO,7,7
11292,1129202,14730,1473003,KY,7,7
14107,1410702,11292,1129202,CO,8,8
11292,1129202,14107,1410702,AZ,8,8
11042,1104203,11292,1129202,CO,8,8
11292,1129202,11193,1119302,KY,8,8
15376,1537602,11292,1129202,CO,8,7
11292,1129202,13851,1385103,OK,8,8
11292,1129202,10423,1042302,TX,8,8
10423,1042302,11292,1129202,CO,8,8
10529,1052904,11292,1129202,CO,8,8
11433,1143302,11292,1129202,CO,8,8
11697,1169704,11292,1129202,CO,8,8
12953,1295302,11292,1129202,CO,8,8
13485,1348502,11292,1129202,CO,8,8
13487,1348702,11292,1129202,CO,8,8
14747,1474703,11292,1129202,CO,8,8
15370,1537002,11292,1129202,CO,8,8
11292,1129202,11603,1160302,OR,8,8
11292,1129202,13495,1349503,LA,8,8
11292,1129202,14869,1486903,UT,8,8
11884,1188402,11292,1129202,CO,8,8
12191,1219102,11292,1129202,CO,8,8
12892,1289205,11292,1129202,CO,8,8
13851,1385103,11292,1129202,CO,8,8
14771,1477102,11292,1129202,CO,8,8
11292,1129202,12889,1288903,NV,8,8
11292,1129202,13198,1319801,MO,8,8
11292,1129202,14492,1449202,NC,8,8
11292,1129202,10693,1069302,TN,8,8
14771,1477102,11109,1110902,CO,8,8
11109,1110902,14771,1477102,CA,8,8
13796,1379604,11292,1129202,CO,8,8
12012,1201203,11292,1129202,CO,8,8
11292,1129202,12012,1201203,CO,8,8
11292,1129202,12094,1209402,CO,8,8
11109,1110902,10466,1046602,AZ,9,9
10466,1046602,11109,1110902,CO,9,9
12889,1288903,11109,1110902,CO,9,9
12892,1289205,11921,1192102,CO,9,9
11109,1110902,12889,1288903,NV,9,9
11921,1192102,12892,1289205,CA,9,9
11292,1129202,10643,1064301,MO,9,9
10643,1064301,11292,1129202,CO,9,9
11003,1100303,11292,1129202,CO,9,9
11648,1164802,11292,1129202,CO,9,9
13851,1385103,11292,1129202,CO,9,9
11292,1129202,11648,1164802,MT,9,9
11292,1129202,11921,1192102,CO,9,9
11292,1129202,13264,1326403,OR,9,9
11292,1129202,10821,1082104,MD,9,9
12339,1233904,11292,1129202,CO,9,9
14057,1405702,11292,1129202,CO,9,9
11292,1129202,11433,1143302,MI,9,9
11292,1129202,11603,1160302,OR,9,9
11292,1129202,12339,1233904,IN,9,9
11292,1129202,13485,1348502,WI,9,9
10397,1039705,11292,1129202,CO,9,9
10529,1052904,11292,1129202,CO,9,9
11292,1129202,13487,1348702,MN,9,9
11292,1129202,14683,1468303,TX,9,9
11278,1127803,11292,1129202,CO,9,9
11292,1129202,14730,1473003,KY,9,9
11292,1129202,11066,1106603,OH,10,10
10800,1080003,11292,1129202,CO,10,10
11066,1106603,11292,1129202,CO,10,10
15376,1537602,11292,1129202,CO,10,10
11292,1129202,15016,1501603,MO,10,10
11292,1129202,10529,1052904,CT,10,10
10821,1082104,11292,1129202,CO,10,10
11423,1142304,11292,1129202,CO,10,10
11775,1177502,11292,1129202,CO,10,10
14262,1426204,11292,1129202,CO,10,10
11292,1129202,11423,1142304,IA,10,10
11292,1129202,12264,1226402,VA,10,10
11292,1129202,13495,1349503,LA,10,10
11292,1129202,13891,1389101,CA,10,10
11292,1129202,14262,1426204,CA,10,10
11042,1104203,11292,1129202,CO,10,10
12889,1288903,11292,1129202,CO,10,10
13487,1348702,11292,1129202,CO,10,10
14730,1473003,11292,1129202,CO,10,11
11292,1129202,13851,1385103,OK,10,10
11292,1129202,14730,1473003,KY,10,10
11292,1129202,14771,1477102,CA,10,10
11109,1110902,12266,1226603,TX,10,10
11292,1129202,11278,1127803,VA,10,10
13244,1324402,11292,1129202,CO,10,10
11292,1129202,13244,1324402,TN,10,10
15370,1537002,11292,1129202,CO,10,10
11292,1129202,15370,1537002,OK,10,10
15177,1517702,11292,1129202,CO,10,1
11292,1129202,15177,1517702,CO,10,1
14107,1410702,10950,1095002,CO,10,10
10950,1095002,14107,1410702,AZ,10,9
12953,1295302,11292,1129202,CO,11,11
11292,1129202,13851,1385103,OK,11,11
11292,1129202,10821,1082104,MD,11,11
11603,1160302,11292,1129202,CO,11,11
12264,1226402,11292,1129202,CO,11,11
13495,1349503,11292,1129202,CO,11,10
13871,1387102,11292,1129202,CO,11,11
13891,1389101,11292,1129202,CO,11,11
14893,1489302,11292,1129202,CO,11,11
11292,1129202,11775,1177502,SD,11,11
11292,1129202,12892,1289205,CA,11,11
11292,1129202,13198,1319801,MO,11,11
11292,1129202,14107,1410702,AZ,11,11
12892,1289205,11109,1110902,CO,11,11
11109,1110902,12892,1289205,CA,11,11
11986,1198603,11292,1129202,CO,11,11
12478,1247803,11292,1129202,CO,12,13
11292,1129202,12478,1247803,NY,12,13
14683,1468303,11292,1129202,CO,12,12
11292,1129202,14683,1468303,TX,12,12
11603,1160302,11292,1129202,CO,12,12
13487,1348702,11292,1129202,CO,12,13
14492,1449202,11292,1129202,CO,12,12
14747,1474703,11292,1129202,CO,12,12
11292,1129202,11298,1129804,TX,12,12
11292,1129202,13342,1334205,WI,12,12
11292,1129202,13487,1348702,MN,12,12
11292,1129202,14893,1489302,CA,12,12
10693,1069302,11292,1129202,CO,12,12
11921,1192102,11638,1163805,CA,12,12
11292,1129202,14783,1478302,MO,12,12
11292,1129202,11193,1119302,KY,13,13
11193,1119302,11292,1129202,CO,13,13
11292,1129202,12953,1295302,NY,13,13
14869,1486903,11292,1129202,CO,13,13
11292,1129202,13367,1336703,IL,13,13
10620,1062002,11292,1129202,CO,13,13
11423,1142304,11292,1129202,CO,13,14
13342,1334205,11292,1129202,CO,13,13
13871,1387102,11292,1129202,CO,13,13
13891,1389101,11292,1129202,CO,13,13
15304,1530402,11292,1129202,CO,13,13
11292,1129202,13204,1320402,FL,13,13
11292,1129202,14492,1449202,NC,13,13
11292,1129202,14679,1467903,CA,13,13
11292,1129202,10849,1084903,MT,13,13
11292,1129202,11003,1100303,IA,13,13
10849,1084903,11292,1129202,CO,13,13
11003,1100303,11292,1129202,CO,13,13
11995,1199502,11292,1129202,CO,13,13
14747,1474703,11292,1129202,CO,13,13
11292,1129202,11995,1199502,NC,13,13
11292,1129202,14747,1474703,WA,13,13
11292,1129202,13796,1379604,CA,13,13
11292,1129202,11003,1100303,IA,14,14
11292,1129202,10620,1062002,MT,14,14
10423,1042302,11292,1129202,CO,14,14
14679,1467903,11292,1129202,CO,14,14
11292,1129202,11423,1142304,IA,14,14
11292,1129202,12266,1226603,TX,14,13
11292,1129202,13871,1387102,NE,14,14
11292,1129202,13891,1389101,CA,14,14
11292,1129202,14831,1483104,CA,14,14
11292,1129202,11259,1125903,TX,14,14
11292,1129202,11697,1169704,FL,14,14
11292,1129202,10693,1069302,TN,14,14
10693,1069302,11292,1129202,CO,14,14
14747,1474703,11109,1110902,CO,15,15
11292,1129202,11603,1160302,OR,15,15
11109,1110902,14747,1474703,WA,15,15
11292,1129202,10140,1014003,NM,15,15
14122,1412202,11292,1129202,CO,15,15
11292,1129202,13871,1387102,NE,15,15
11292,1129202,14122,1412202,PA,15,15
11292,1129202,11423,1142304,IA,15,14
13485,1348502,11292,1129202,CO,15,15
11292,1129202,13485,1348502,WI,15,15
13244,1324402,11292,1129202,CO,15,15
12003,1200302,11292,1129202,CO,15,15
15919,1591902,11292,1129202,CO,15,15
11292,1129202,15919,1591902,AR,15,15
11292,1129202,11433,1143302,MI,16,16
13367,1336703,11292,1129202,CO,16,16
10140,1014003,11292,1129202,CO,16,16
11292,1129202,12889,1288903,NV,16,16
11292,1129202,12953,1295302,NY,16,16
11292,1129202,14747,1474703,WA,16,16
11292,1129202,14893,1489302,CA,16,16
11292,1129202,13244,1324402,TN,16,16
11292,1129202,10693,1069302,TN,16,16
10693,1069302,11292,1129202,CO,16,16
13486,1348602,11292,1129202,CO,16,16
15412,1541203,11292,1129202,CO,16,16
11292,1129202,13486,1348602,MT,16,16
11292,1129202,15412,1541203,TN,16,16
11638,1163805,11921,1192102,CO,16,16
13244,1324402,11921,1192102,CO,16,16
11921,1192102,13244,1324402,TN,16,16
11292,1129202,12003,1200302,MT,16,16
11292,1129202,12992,1299204,AR,16,16
14107,1410702,10950,1095002,CO,16,16
10950,1095002,14107,1410702,AZ,16,16
13487,1348702,11292,1129202,CO,17,18
11292,1129202,11433,1143302,MI,17,17
11292,1129202,15370,1537002,OK,17,17
11292,1129202,10140,1014003,NM,17,17
13198,1319801,11292,1129202,CO,17,17
14262,1426204,11292,1129202,CO,17,17
11292,1129202,11540,1154003,TX,17,17
11292,1129202,14262,1426204,CA,17,17
11292,1129202,11066,1106603,OH,17,17
10140,1014003,11292,1129202,CO,17,17
11042,1104203,11292,1129202,CO,17,19
12339,1233904,11292,1129202,CO,17,17
12889,1288903,11292,1129202,CO,17,17
11292,1129202,13264,1326403,OR,17,17
11292,1129202,13495,1349503,LA,17,16
11292,1129202,14122,1412202,PA,17,17
11292,1129202,14831,1483104,CA,17,17
11259,1125903,11292,1129202,CO,17,17
14057,1405702,11292,1129202,CO,17,17
14747,1474703,11292,1129202,CO,17,17
11292,1129202,14057,1405702,OR,17,17
11292,1129202,14747,1474703,WA,17,17
13367,1336703,11292,1129202,CO,17,17
11540,1154003,11292,1129202,CO,18,18
11603,1160302,11292,1129202,CO,18,18
15919,1591902,11292,1129202,CO,18,18
11292,1129202,11603,1160302,OR,18,18
11292,1129202,12278,1227803,KS,18,18
11292,1129202,10140,1014003,NM,18,18
10821,1082104,11292,1129202,CO,18,18
11066,1106603,11292,1129202,CO,18,18
12266,1226603,11292,1129202,CO,18,18
14122,1412202,11292,1129202,CO,18,18
14831,1483104,11292,1129202,CO,18,18
14869,1486903,11292,1129202,CO,18,18
15016,1501603,11292,1129202,CO,18,18
11292,1129202,14869,1486903,UT,18,18
11292,1129202,15304,1530402,FL,18,18
12889,1288903,11292,1129202,CO,18,18
15370,1537002,11292,1129202,CO,18,17
11292,1129202,11109,1110902,CO,18,18
11109,1110902,11292,1129202,CO,18,18
11292,1129202,11423,1142304,IA,18,18
11292,1129202,10620,1062002,MT,18,18
10620,1062002,11292,1129202,CO,18,18
13891,1389101,11292,1129202,CO,18,18
11292,1129202,13891,1389101,CA,18,18
11292,1129202,14512,1451202,IL,18,18
12278,1227803,11292,1129202,CO,19,19
14730,1473003,11292,1129202,CO,19,19
11292,1129202,14457,1445702,SD,19,19
11292,1129202,10529,1052904,CT,19,19
11292,1129202,10849,1084903,MT,19,19
10849,1084903,11292,1129202,CO,19,19
13264,1326403,11292,1129202,CO,19,19
13495,1349503,11292,1129202,CO,19,19
14107,1410702,11292,1129202,CO,19,19
14570,1457002,11292,1129202,CO,19,19
14683,1468303,11292,1129202,CO,19,19
14771,1477102,11292,1129202,CO,19,19
11292,1129202,11775,1177502,SD,19,19
11292,1129202,11884,1188402,WA,19,19
11292,1129202,14570,1457002,NV,19,19
11292,1129202,14771,1477102,CA,19,19
11292,1129202,15304,1530402,FL,19,19
11292,1129202,10140,1014003,NM,19,19
10140,1014003,11292,1129202,CO,19,19
11042,1104203,11292,1129202,CO,19,19
14869,1486903,11292,1129202,CO,19,19
11292,1129202,13198,1319801,MO,19,19
13930,1393004,11109,1110902,CO,19,19
11292,1129202,10194,1019403,TX,19,19
10194,1019403,11292,1129202,CO,19,19
11292,1129202,13244,1324402,TN,19,19
11292,1129202,10397,1039705,GA,20,20
13367,1336703,11292,1129202,CO,20,20
13495,1349503,11292,1129202,CO,20,19
14869,1486903,10372,1037203,CO,20,20
11292,1129202,11267,1126702,OH,20,20
13198,1319801,11292,1129202,CO,20,20
15919,1591902,11292,1129202,CO,20,20
11292,1129202,11298,1129804,TX,20,20
11292,1129202,11638,1163805,CA,20,20
11292,1129202,14107,1410702,AZ,20,20
11292,1129202,14683,1468303,TX,20,19
11292,1129202,10423,1042302,TX,20,20
11292,1129202,11057,1105703,NC,20,20
11057,1105703,11292,1129202,CO,20,20
11775,1177502,11292,1129202,CO,20,20
11884,1188402,11292,1129202,CO,20,20
13851,1385103,11292,1129202,CO,20,20
14122,1412202,11292,1129202,CO,20,20
14679,1467903,11292,1129202,CO,20,20
14683,1468303,11292,1129202,CO,20,20
11292,1129202,11775,1177502,SD,20,20
11042,1104203,11292,1129202,CO,20,20
11423,1142304,11292,1129202,CO,20,20
11292,1129202,11423,1142304,IA,20,20
11109,1110902,13930,1393004,IL,20,20
11292,1129202,13487,1348702,MN,21,21
12278,1227803,11292,1129202,CO,21,20
11292,1129202,10713,1071302,ID,21,21
10140,1014003,11292,1129202,CO,21,21
15016,1501603,11292,1129202,CO,21,21
10372,1037203,14869,1486903,UT,21,21
11292,1129202,10397,1039705,GA,21,20
11697,1169704,11292,1129202,CO,21,21
13487,1348702,11292,1129202,CO,21,21
13891,1389101,11292,1129202,CO,21,21
14057,1405702,11292,1129202,CO,21,21
14747,1474703,11292,1129202,CO,21,21
14831,1483104,11292,1129202,CO,21,21
15304,1530402,11292,1129202,CO,21,21
11292,1129202,11986,1198603,MI,21,20
11292,1129202,13198,1319801,MO,21,21
11292,1129202,13891,1389101,CA,21,21
11292,1129202,14100,1410002,PA,21,20
11292,1129202,14122,1412202,PA,21,21
11292,1129202,15016,1501603,MO,21,21
11292,1129202,15304,1530402,FL,21,21
10529,1052904,11292,1129202,CO,21,21
14570,1457002,11292,1129202,CO,21,21
14730,1473003,11292,1129202,CO,21,21
14869,1486903,11292,1129202,CO,21,21
13198,1319801,11292,1129202,CO,21,21
11413,1141304,10140,1014003,NM,22,22
11413,1141304,11711,1171102,NM,22,22
11193,1119302,11292,1129202,CO,22,21
11292,1129202,12094,1209402,CO,22,22
11292,1129202,14783,1478302,MO,22,22
14771,1477102,10372,1037203,CO,22,22
11292,1129202,10423,1042302,TX,22,22
11292,1129202,11447,1144703,ND,22,22
11292,1129202,12992,1299204,AR,22,22
11292,1129202,13029,1302902,NE,22,22
10529,1052904,11292,1129202,CO,22,22
13871,1387102,11292,1129202,CO,22,22
14524,1452401,11292,1129202,CO,22,22
14689,1468902,11292,1129202,CO,22,22
14771,1477102,11292,1129202,CO,22,22
11292,1129202,11697,1169704,FL,22,22
11292,1129202,13487,1348702,MN,22,21
11292,1129202,13495,1349503,LA,22,22
11292,1129202,13871,1387102,NE,22,22
11292,1129202,14057,1405702,OR,22,22
11292,1129202,14524,1452401,VA,22,22
11292,1129202,14683,1468303,TX,22,22
11292,1129202,14689,1468902,CA,22,22
11292,1129202,11042,1104203,OH,22,22
11066,1106603,11292,1129202,CO,22,22
12953,1295302,11292,1129202,CO,22,22
11292,1129202,10627,1062702,ND,22,22
10627,1062702,11292,1129202,CO,22,22
13244,1324402,11109,1110902,CO,22,22
11122,1112203,12094,1209402,CO,22,22
11109,1110902,13244,1324402,TN,22,22
14570,1457002,11292,1129202,CO,22,22
12094,1209402,11292,1129202,CO,23,23
13871,1387102,11292,1129202,CO,23,25
14457,1445702,11292,1129202,CO,23,23
11292,1129202,10140,1014003,NM,23,23
11292,1129202,10397,1039705,GA,23,23
11292,1129202,10800,1080003,CA,23,23
11292,1129202,11193,1119302,KY,23,23
10140,1014003,11292,1129202,CO,23,23
11298,1129804,11292,1129202,CO,23,23
11638,1163805,11292,1129202,CO,23,23
14107,1410702,11292,1129202,CO,23,23
11292,1129202,11775,1177502,SD,23,23
11292,1129202,13198,1319801,MO,23,23
11292,1129202,13264,1326403,OR,23,23
11292,1129202,14698,1469802,CA,23,23
10372,1037203,14771,1477102,CA,23,23
11292,1129202,10713,1071302,ID,23,23
10713,1071302,11292,1129202,CO,23,23
12441,1244102,11292,1129202,CO,23,23
11292,1129202,13851,1385103,OK,23,23
11292,1129202,14100,1410002,PA,23,23
11292,1129202,14107,1410702,AZ,23,23
11292,1129202,14771,1477102,CA,23,23
11292,1129202,10994,1099402,SC,23,23
10994,1099402,11292,1129202,CO,23,22
11292,1129202,11433,1143302,MI,23,23
11292,1129202,14730,1473003,KY,23,23
11292,1129202,15376,1537602,AZ,23,23
11292,1129202,11066,1106603,OH,23,23
11292,1129202,13158,1315803,TX,23,23
15412,1541203,11292,1129202,CO,23,23
11292,1129202,15412,1541203,TN,23,22
13502,1350202,12266,1226603,TX,23,23
12266,1226603,13502,1350202,CO,23,23
11292,1129202,11193,1119302,KY,24,24
11193,1119302,11292,1129202,CO,24,24
14783,1478302,11292,1129202,CO,24,25
11292,1129202,12278,1227803,KS,24,23
11292,1129202,10800,1080003,CA,24,24
14698,1469802,11292,1129202,CO,24,24
10372,1037203,12266,1226603,TX,24,24
11292,1129202,15370,1537002,OK,24,24
11292,1129202,10713,1071302,ID,24,24
10423,1042302,11292,1129202,CO,24,25
10423,1042302,11292,1129202,CO,24,24
11298,1129804,11292,1129202,CO,24,24
11697,1169704,11292,1129202,CO,24,23
12278,1227803,11292,1129202,CO,24,24
12758,1275803,11292,1129202,CO,24,24
13830,1383002,11292,1129202,CO,24,24
15304,1530402,11292,1129202,CO,24,24
11292,1129202,11697,1169704,FL,24,24
11292,1129202,12278,1227803,KS,24,24
11292,1129202,12441,1244102,WY,24,24
11292,1129202,12758,1275803,HI,24,24
11292,1129202,13830,1383002,HI,24,24
12451,1245102,11292,1129202,CO,24,24
11292,1129202,12451,1245102,FL,24,24
11292,1129202,13891,1389101,CA,24,24
11292,1129202,14831,1483104,CA,24,24
11292,1129202,10423,1042302,TX,24,24
13158,1315803,11292,1129202,CO,24,24
11292,1129202,14730,1473003,KY,24,24
11292,1129202,15370,1537002,OK,24,23
11775,1177502,11292,1129202,CO,24,24
11292,1129202,11775,1177502,SD,24,24
12094,1209402,11122,1112203,WY,24,24
12266,1226603,11109,1110902,CO,24,24
10950,1095002,11292,1129202,CO,24,24
11292,1129202,11193,1119302,KY,25,25
13264,1326403,11292,1129202,CO,25,25
11292,1129202,14262,1426204,CA,25,25
11292,1129202,10721,1072102,MA,25,25
11292,1129202,11057,1105703,NC,25,25
10397,1039705,11292,1129202,CO,25,25
10713,1071302,11292,1129202,CO,25,25
11057,1105703,11292,1129202,CO,25,25
14771,1477102,11292,1129202,CO,25,25
11292,1129202,11298,1129804,TX,25,25
11292,1129202,13487,1348702,MN,25,25
11292,1129202,14893,1489302,CA,25,25
11292,1129202,11259,1125903,TX,25,25
13851,1385103,11292,1129202,CO,25,25
14869,1486903,11292,1129202,CO,25,25
15016,1501603,11292,1129202,CO,25,25
11109,1110902,12889,1288903,NV,25,25
11292,1129202,14869,1486903,UT,25,25
11292,1129202,15016,1501603,MO,25,25
10140,1014003,11413,1141304,CO,26,26
11292,1129202,13244,1324402,TN,26,26
11292,1129202,13851,1385103,OK,26,26
12266,1226603,10372,1037203,CO,26,26
11292,1129202,10693,1069302,TN,26,26
10599,1059904,11292,1129202,CO,26,26
11775,1177502,11292,1129202,CO,26,26
14262,1426204,11292,1129202,CO,26,26
14814,1481402,11292,1129202,CO,26,26
11292,1129202,11423,1142304,IA,26,26
11292,1129202,12389,1238902,ND,26,26
11292,1129202,13871,1387102,NE,26,26
11292,1129202,14814,1481402,LA,26,26
15370,1537002,11292,1129202,CO,26,26
11292,1129202,14107,1410702,AZ,26,26
11292,1129202,14831,1483104,CA,26,26
11292,1129202,10423,1042302,TX,26,26
14100,1410002,11292,1129202,CO,26,24
14122,1412202,11292,1129202,CO,26,27
11292,1129202,11697,1169704,FL,26,26
11292,1129202,11884,1188402,WA,26,26
12889,1288903,11109,1110902,CO,26,26
12339,1233904,11292,1129202,CO,26,26
12889,1288903,11292,1129202,CO,26,26
11292,1129202,12339,1233904,IN,26,26
11292,1129202,12889,1288903,NV,26,26
13487,1348702,11292,1129202,CO,26,26
11292,1129202,13487,1348702,MN,26,26
13198,1319801,11292,1129202,CO,26,26
13502,1350202,11292,1129202,CO,26,26
11292,1129202,13502,1350202,CO,26,26
10272,1027203,10140,1014003,NM,26,26
10140,1014003,10272,1027203,CO,26,26
11292,1129202,10950,1095002,CO,26,26
13198,1319801,11292,1129202,CO,27,29
13486,1348602,11292,1129202,CO,27,27
11292,1129202,13871,1387102,NE,27,26
11292,1129202,10693,1069302,TN,27,27
10693,1069302,11292,1129202,CO,27,27
12389,1238902,11292,1129202,CO,27,27
13029,1302902,11292,1129202,CO,27,27
13871,1387102,11292,1129202,CO,27,27
11109,1110902,12892,1289205,CA,27,27
10821,1082104,11292,1129202,CO,27,27
14107,1410702,11292,1129202,CO,27,27
14683,1468303,11292,1129202,CO,27,27
14893,1489302,11292,1129202,CO,27,27
11292,1129202,14107,1410702,AZ,27,27
11292,1129202,14683,1468303,TX,27,27
11292,1129202,10257,1025702,NY,27,27
11292,1129202,10529,1052904,CT,27,27
11292,1129202,10721,1072102,MA,27,27
11433,1143302,11292,1129202,CO,27,27
11292,1129202,14570,1457002,NV,27,27
11292,1129202,11109,1110902,CO,27,27
10423,1042302,11292,1129202,CO,27,27
13244,1324402,11292,1129202,CO,27,27
14100,1410002,11292,1129202,CO,28,24
14107,1410702,11292,1129202,CO,28,28
11298,1129804,11503,1150303,CO,28,26
11292,1129202,12892,1289205,CA,28,28
11292,1129202,13303,1330303,FL,28,28
11292,1129202,14107,1410702,AZ,28,28
11433,1143302,11292,1129202,CO,28,29
13851,1385103,11292,1129202,CO,28,29
11292,1129202,13486,1348602,MT,28,28
11292,1129202,10599,1059904,AL,28,28
13930,1393004,11109,1110902,CO,28,28
13029,1302902,11292,1129202,CO,28,28
11292,1129202,13029,1302902,NE,28,28
11292,1129202,10423,1042302,TX,28,28
11292,1129202,11278,1127803,VA,28,28
11278,1127803,11292,1129202,CO,28,27
14122,1412202,11292,1129202,CO,28,28
14492,1449202,11292,1129202,CO,28,28
14683,1468303,11292,1129202,CO,28,28
11292,1129202,14057,1405702,OR,28,28
11292,1129202,14492,1449202,NC,28,28
11292,1129202,14683,1468303,TX,28,28
11433,1143302,11292,1129202,CO,28,28
11697,1169704,11292,1129202,CO,28,28
11292,1129202,11697,1169704,FL,28,28
11292,1129202,12266,1226603,TX,28,28
11298,1129804,13502,1350202,CO,28,26
11637,1163703,11292,1129202,CO,28,28
12892,1289205,11292,1129202,CO,29,29
13303,1330303,11292,1129202,CO,29,29
11503,1150303,11298,1129804,TX,29,27
11298,1129804,10372,1037203,CO,29,27
12278,1227803,11292,1129202,CO,29,29
10372,1037203,11298,1129804,TX,29,29
10397,1039705,11292,1129202,CO,29,29
11884,1188402,11292,1129202,CO,29,29
14107,1410702,11292,1129202,CO,29,29
14771,1477102,11292,1129202,CO,29,29
11292,1129202,12892,1289205,CA,29,29
11986,1198603,11292,1129202,CO,29,29
12339,1233904,11292,1129202,CO,29,30
11292,1129202,11618,1161802,NJ,29,29
11292,1129202,11986,1198603,MI,29,29
11292,1129202,10599,1059904,AL,29,29
11292,1129202,10397,1039705,GA,29,29
11066,1106603,11292,1129202,CO,29,29
14057,1405702,11292,1129202,CO,29,29
14679,1467903,11292,1129202,CO,29,29
11292,1129202,12264,1226402,VA,29,29
11292,1129202,14679,1467903,CA,29,29
12266,1226603,11292,1129202,CO,29,29
11292,1129202,11298,1129804,TX,29,29
11292,1129202,11433,1143302,MI,29,29
11292,1129202,13487,1348702,MN,29,29
13502,1350202,11298,1129804,TX,29,28
14107,1410702,13502,1350202,CO,29,29
13502,1350202,14107,1410702,AZ,29,29
14747,1474703,11292,1129202,CO,29,32
11292,1129202,14747,1474703,WA,29,32
11292,1129202,11097,1109702,WY,29,29
11097,1109702,11292,1129202,CO,29,28
14107,1410702,11292,1129202,CO,30,30
11292,1129202,14107,1410702,AZ,30,30
11109,1110902,10397,1039705,GA,30,29
10397,1039705,11109,1110902,CO,30,28
11292,1129202,11433,1143302,MI,30,30
11503,1150303,11292,1129202,CO,30,30
11292,1129202,11503,1150303,CO,30,30
11292,1129202,10849,1084903,MT,30,30
12266,1226603,11109,1110902,CO,30,30
10713,1071302,11292,1129202,CO,30,30
11638,1163805,11292,1129202,CO,30,30
12156,1215603,11292,1129202,CO,30,30
11292,1129202,12156,1215603,MT,30,30
11109,1110902,12266,1226603,TX,30,30
11292,1129202,12519,1251902,ND,30,30
12173,1217302,11292,1129202,CO,30,30
11292,1129202,11884,1188402,WA,30,30
11292,1129202,12173,1217302,HI,30,30
11292,1129202,12266,1226603,TX,30,30
11292,1129202,12278,1227803,KS,30,30
11292,1129202,12339,1233904,IN,30,30
11292,1129202,14747,1474703,WA,30,30
10257,1025702,11292,1129202,CO,30,30
14893,1489302,11292,1129202,CO,30,30
11292,1129202,14100,1410002,PA,30,30
11292,1129202,15304,1530402,FL,30,30
10693,1069302,11292,1129202,CO,30,30
11292,1129202,10423,1042302,TX,30,30
11292,1129202,11042,1104203,OH,30,30
11292,1129202,11057,1105703,NC,30,30
11292,1129202,11066,1106603,OH,30,30
13204,1320402,11109,1110902,CO,30,30
14107,1410702,11109,1110902,CO,30,30
10397,1039705,11292,1129202,CO,30,30
10423,1042302,11292,1129202,CO,30,30
11042,1104203,11292,1129202,CO,30,30
11057,1105703,11292,1129202,CO,30,30
11298,1129804,11292,1129202,CO,30,30
12264,1226402,11292,1129202,CO,30,30
12889,1288903,11292,1129202,CO,30,30
12953,1295302,11292,1129202,CO,30,30
13244,1324402,11292,1129202,CO,30,30
13303,1330303,11292,1129202,CO,30,30
13495,1349503,11292,1129202,CO,30,30
13871,1387102,11292,1129202,CO,30,30
14057,1405702,11292,1129202,CO,30,30
14100,1410002,11292,1129202,CO,30,30
14122,1412202,11292,1129202,CO,30,30
14679,1467903,11292,1129202,CO,30,30
14747,1474703,11292,1129202,CO,30,30
14869,1486903,11292,1129202,CO,30,30
15016,1501603,11292,1129202,CO,30,30
15304,1530402,11292,1129202,CO,30,30
11292,1129202,11298,1129804,TX,30,30
11292,1129202,12889,1288903,NV,30,30
11292,1129202,12953,1295302,NY,30,30
11109,1110902,13204,1320402,FL,30,30
11292,1129202,13244,1324402,TN,30,30
11292,1129202,13303,1330303,FL,30,30
11292,1129202,13495,1349503,LA,30,30
11292,1129202,13871,1387102,NE,30,30
11292,1129202,14057,1405702,OR,30,30
11109,1110902,14107,1410702,AZ,30,30
11292,1129202,14122,1412202,PA,30,30
11292,1129202,14679,1467903,CA,30,30
11292,1129202,14869,1486903,UT,30,30
11292,1129202,15016,1501603,MO,30,30
12892,1289205,11292,1129202,CO,30,30
13487,1348702,11292,1129202,CO,30,30
11292,1129202,12892,1289205,CA,30,30
11292,1129202,14747,1474703,WA,30,29
12217,1221702,11292,1129202,CO,30,30
11292,1129202,12217,1221702,AL,30,29
11292,1129202,14100,1410002,PA,31,31
11292,1129202,10620,1062002,MT,31,31
10620,1062002,11292,1129202,CO,31,31
10849,1084903,11292,1129202,CO,31,31
14689,1468902,11292,1129202,CO,31,31
11292,1129202,12278,1227803,KS,31,31
11109,1110902,13930,1393004,IL,31,31
11292,1129202,14689,1468902,CA,31,31
12278,1227803,11292,1129202,CO,31,31
12953,1295302,11292,1129202,CO,31,31
13204,1320402,11292,1129202,CO,31,31
14107,1410702,11292,1129202,CO,31,31
11292,1129202,14107,1410702,AZ,31,31
11292,1129202,14893,1489302,CA,31,31
11433,1143302,11292,1129202,CO,31,31
11292,1129202,10397,1039705,GA,31,31
14679,1467903,11292,1129202,CO,31,31
14869,1486903,11292,1129202,CO,31,31
11292,1129202,14679,1467903,CA,31,31
11292,1129202,14869,1486903,UT,31,31
14730,1473003,11292,1129202,CO,31,31
11292,1129202,14730,1473003,KY,31,31
12478,1247803,11292,1129202,CO,32,32
11292,1129202,12478,1247803,NY,32,32
14869,1486903,11292,1129202,CO,32,37
11292,1129202,14869,1486903,UT,32,37
11292,1129202,10423,1042302,TX,32,32
11193,1119302,11292,1129202,CO,32,32
11292,1129202,10721,1072102,MA,32,32
11292,1129202,11042,1104203,OH,32,32
14908,1490803,11292,1129202,CO,32,32
10423,1042302,11292,1129202,CO,32,33
10721,1072102,11292,1129202,CO,32,32
11259,1125903,11292,1129202,CO,32,32
11292,1129202,13891,1389101,CA,32,33
11292,1129202,14100,1410002,PA,32,32
11292,1129202,14570,1457002,NV,32,32
10599,1059904,11292,1129202,CO,32,32
13342,1334205,11292,1129202,CO,32,32
11292,1129202,13342,1334205,WI,32,32
11292,1129202,14730,1473003,KY,32,32
11775,1177502,11292,1129202,CO,33,33
11109,1110902,12892,1289205,CA,33,33
11292,1129202,10397,1039705,GA,33,33
11292,1129202,13871,1387102,NE,33,33
10397,1039705,11292,1129202,CO,33,33
11292,1129202,13342,1334205,WI,33,33
11292,1129202,15376,1537602,AZ,33,33
11292,1129202,12339,1233904,IN,33,33
13198,1319801,11292,1129202,CO,33,33
11292,1129202,13198,1319801,MO,33,33
11292,1129202,13244,1324402,TN,33,33
12992,1299204,11292,1129202,CO,33,33
11292,1129202,11637,1163703,ND,33,33
11298,1129804,11292,1129202,CO,34,34
11292,1129202,15376,1537602,AZ,34,34
13342,1334205,11292,1129202,CO,34,33
13930,1393004,11292,1129202,CO,34,34
11292,1129202,11298,1129804,TX,34,34
11697,1169704,11292,1129202,CO,34,33
11292,1129202,11433,1143302,MI,34,34
13029,1302902,11292,1129202,CO,34,34
11433,1143302,11292,1129202,CO,35,35
14457,1445702,11292,1129202,CO,35,35
11292,1129202,11986,1198603,MI,35,35
11298,1129804,11292,1129202,CO,35,35
11292,1129202,12953,1295302,NY,35,34
11292,1129202,13342,1334205,WI,35,34
11292,1129202,14679,1467903,CA,35,35
11292,1129202,14908,1490803,CA,35,35
10693,1069302,11292,1129202,CO,35,35
14100,1410002,11292,1129202,CO,35,35
11292,1129202,11433,1143302,MI,35,35
11292,1129202,11884,1188402,WA,35,35
11292,1129202,12264,1226402,VA,35,35
11292,1129202,14057,1405702,OR,35,35
12339,1233904,11292,1129202,CO,35,35
11292,1129202,12339,1233904,IN,35,35
11292,1129202,10140,1014003,NM,35,35
10140,1014003,11292,1129202,CO,35,36
11540,1154003,11292,1129202,CO,35,34
10397,1039705,11292,1129202,CO,36,36
11292,1129202,11267,1126702,OH,36,36
13930,1393004,11109,1110902,CO,36,35
13158,1315803,11292,1129202,CO,36,36
11292,1129202,11775,1177502,SD,36,36
11292,1129202,15919,1591902,AR,36,36
11042,1104203,11292,1129202,CO,36,36
11292,1129202,11618,1161802,NJ,36,36
14771,1477102,11292,1129202,CO,36,36
12266,1226603,11109,1110902,CO,36,36
11292,1129202,11540,1154003,TX,36,36
11292,1129202,14730,1473003,KY,36,36
11292,1129202,10397,1039705,GA,37,37
12478,1247803,11292,1129202,CO,37,36
11292,1129202,12478,1247803,NY,37,35
11292,1129202,14457,1445702,SD,37,37
11292,1129202,13158,1315803,TX,37,37
11292,1129202,10821,1082104,MD,37,37
11298,1129804,11292,1129202,CO,37,36
11986,1198603,11292,1129202,CO,37,36
13204,1320402,11292,1129202,CO,37,37
13871,1387102,11292,1129202,CO,37,37
11292,1129202,11618,1161802,NJ,37,37
11292,1129202,13930,1393004,IL,37,38
11292,1129202,10713,1071302,ID,37,37
11066,1106603,11292,1129202,CO,37,37
15304,1530402,11292,1129202,CO,37,37
11292,1129202,13204,1320402,FL,37,37
11292,1129202,13367,1336703,IL,37,37
11292,1129202,10627,1062702,ND,38,38
10627,1062702,11292,1129202,CO,38,38
11292,1129202,14771,1477102,CA,38,38
12953,1295302,11292,1129202,CO,38,37
14570,1457002,11292,1129202,CO,38,38
14747,1474703,11292,1129202,CO,38,34
11292,1129202,13029,1302902,NE,39,39
14057,1405702,11292,1129202,CO,39,39
11292,1129202,14747,1474703,WA,39,35
10713,1071302,11292,1129202,CO,39,39
11292,1129202,11423,1142304,IA,39,39
11423,1142304,11292,1129202,CO,39,39
11292,1129202,12892,1289205,CA,40,40
11292,1129202,15376,1537602,AZ,40,40
14534,1453402,11292,1129202,CO,40,40
14679,1467903,11292,1129202,CO,40,39
11292,1129202,10713,1071302,ID,40,40
11292,1129202,14457,1445702,SD,40,40
11292,1129202,14679,1467903,CA,40,39
11292,1129202,11003,1100303,IA,41,41
11003,1100303,11292,1129202,CO,41,41
12441,1244102,11292,1129202,CO,41,41
12892,1289205,11292,1129202,CO,41,42
11292,1129202,11298,1129804,TX,41,41
11292,1129202,11648,1164802,MT,41,41
11292,1129202,12889,1288903,NV,41,41
11292,1129202,15016,1501603,MO,41,41
11292,1129202,14534,1453402,WY,41,40
11292,1129202,14869,1486903,UT,42,38
10800,1080003,11292,1129202,CO,42,42
13851,1385103,11292,1129202,CO,42,42
14457,1445702,11292,1129202,CO,42,42
14869,1486903,11292,1129202,CO,42,42
11292,1129202,13851,1385103,OK,42,42
11648,1164802,11292,1129202,CO,42,42
14893,1489302,11292,1129202,CO,42,42
11292,1129202,10821,1082104,MD,42,41
11292,1129202,14747,1474703,WA,42,42
14747,1474703,11292,1129202,CO,43,43
14869,1486903,11292,1129202,CO,43,39
13244,1324402,11292,1129202,CO,43,43
11292,1129202,12441,1244102,WY,43,43
11292,1129202,14492,1449202,NC,43,43
11292,1129202,14747,1474703,WA,44,43
10397,1039705,11292,1129202,CO,44,43
11433,1143302,11292,1129202,CO,44,44
13204,1320402,11292,1129202,CO,44,44
14679,1467903,11292,1129202,CO,44,44
11292,1129202,13487,1348702,MN,44,44
13342,1334205,11292,1129202,CO,44,44
15016,1501603,11292,1129202,CO,45,47
11292,1129202,14783,1478302,MO,45,45
14492,1449202,11292,1129202,CO,45,45
13930,1393004,11292,1129202,CO,45,45
11292,1129202,13930,1393004,IL,45,45
11423,1142304,11292,1129202,CO,46,46
14831,1483104,11292,1129202,CO,46,46
11292,1129202,14831,1483104,CA,46,46
10721,1072102,11292,1129202,CO,46,46
13930,1393004,11292,1129202,CO,46,47
11292,1129202,11433,1143302,MI,46,46
11292,1129202,13485,1348502,WI,46,46
11292,1129202,15016,1501603,MO,46,46
11292,1129202,11711,1171102,NM,46,46
11292,1129202,12953,1295302,NY,47,46
11292,1129202,13486,1348602,MT,47,46
11292,1129202,14489,1448902,OR,47,47
11618,1161802,11292,1129202,CO,47,47
13485,1348502,11292,1129202,CO,47,46
14100,1410002,11292,1129202,CO,47,47
11292,1129202,11618,1161802,NJ,47,47
11292,1129202,13204,1320402,FL,47,47
12892,1289205,11292,1129202,CO,47,47
11292,1129202,12892,1289205,CA,47,47
12339,1233904,11292,1129202,CO,47,47
11711,1171102,11292,1129202,CO,47,45
12478,1247803,11292,1129202,CO,48,48
11292,1129202,11433,1143302,MI,48,47
11292,1129202,12478,1247803,NY,48,48
15370,1537002,11292,1129202,CO,48,48
11292,1129202,11042,1104203,OH,48,48
11618,1161802,11292,1129202,CO,48,48
11292,1129202,14122,1412202,PA,48,48
11433,1143302,11292,1129202,CO,49,48
12953,1295302,11292,1129202,CO,49,47
10423,1042302,11292,1129202,CO,49,49
12441,1244102,11292,1129202,CO,49,49
11292,1129202,12441,1244102,WY,49,49
11292,1129202,10561,1056103,CA,49,49
13486,1348602,11292,1129202,CO,49,47
14489,1448902,11292,1129202,CO,49,49
11292,1129202,13204,1320402,FL,49,49
11292,1129202,14057,1405702,OR,49,49
11292,1129202,11618,1161802,NJ,49,48
11109,1110902,12266,1226603,TX,49,49
14120,1412002,11292,1129202,CO,50,50
11413,1141304,11292,1129202,CO,50,50
11292,1129202,11413,1141304,CO,50,50
10372,1037203,13930,1393004,IL,50,50
11292,1129202,10299,1029904,AK,50,50
11292,1129202,13796,1379604,CA,50,50
11292,1129202,14120,1412002,SD,51,51
13930,1393004,10372,1037203,CO,51,51
11292,1129202,14869,1486903,UT,51,50
11292,1129202,14893,1489302,CA,51,51
11292,1129202,12264,1226402,VA,51,51
14877,1487704,11292,1129202,CO,51,47
11292,1129202,14877,1487704,KS,51,46
12255,1225502,11292,1129202,CO,52,51
12519,1251902,11292,1129202,CO,52,52
12888,1288802,11292,1129202,CO,52,52
14783,1478302,11292,1129202,CO,52,52
11292,1129202,12255,1225502,KS,52,51
12889,1288903,11292,1129202,CO,52,52
11292,1129202,14679,1467903,CA,52,52
11292,1129202,10693,1069302,TN,52,52
11292,1129202,15370,1537002,OK,52,52
11315,1131502,11292,1129202,CO,52,52
11292,1129202,11315,1131502,ND,52,52
11292,1129202,10221,1022103,NE,52,49
11292,1129202,10925,1092502,NE,52,51
11292,1129202,10950,1095002,CO,52,52
10221,1022103,11292,1129202,CO,52,51
10925,1092502,11292,1129202,CO,52,49
13200,1320002,11292,1129202,CO,52,52
15582,1558202,11292,1129202,CO,52,52
11292,1129202,13200,1320002,NE,52,52
11292,1129202,15582,1558202,UT,52,51
11267,1126702,11292,1129202,CO,53,51
11292,1129202,12888,1288802,WY,53,53
11292,1129202,12992,1299204,AR,53,52
10299,1029904,11292,1129202,CO,53,53
11109,1110902,11292,1129202,CO,53,53
11292,1129202,10279,1027903,TX,53,53
10279,1027903,11292,1129202,CO,53,52
12892,1289205,11109,1110902,CO,54,54
14893,1489302,11292,1129202,CO,54,54
14057,1405702,11292,1129202,CO,54,54
11292,1129202,12266,1226603,TX,54,54
11292,1129202,10397,1039705,GA,54,54
11884,1188402,11292,1129202,CO,54,54
13495,1349503,11292,1129202,CO,54,52
14107,1410702,11292,1129202,CO,54,54
11292,1129202,14107,1410702,AZ,54,54
10950,1095002,11292,1129202,CO,54,53
10397,1039705,11292,1129202,CO,55,55
13502,1350202,11292,1129202,CO,55,55
11292,1129202,13502,1350202,CO,55,55
13433,1343302,11292,1129202,CO,55,55
11292,1129202,13433,1343302,ND,55,54
14570,1457002,11292,1129202,CO,55,54
11292,1129202,12892,1289205,CA,55,55
11292,1129202,14570,1457002,NV,55,54
11292,1129202,14492,1449202,NC,55,54
11292,1129202,10397,1039705,GA,56,56
10561,1056103,11292,1129202,CO,56,56
11865,1186502,11292,1129202,CO,56,56
12992,1299204,11292,1129202,CO,56,56
14543,1454302,11292,1129202,CO,56,56
11292,1129202,11865,1186502,WY,56,56
11109,1110902,13930,1393004,IL,56,55
11292,1129202,14543,1454302,WY,56,56
11109,1110902,14869,1486903,UT,56,56
11292,1129202,10849,1084903,MT,56,56
10849,1084903,11292,1129202,CO,56,56
12892,1289205,11292,1129202,CO,56,56
11292,1129202,12889,1288903,NV,56,57
13891,1389101,11292,1129202,CO,56,58
14492,1449202,11292,1129202,CO,56,56
15304,1530402,11292,1129202,CO,56,55
11292,1129202,13495,1349503,LA,56,55
14908,1490803,11292,1129202,CO,56,56
11292,1129202,14908,1490803,CA,56,56
12896,1289605,11292,1129202,CO,56,56
11292,1129202,12896,1289605,TX,56,55
11292,1129202,13486,1348602,MT,56,56
11292,1129202,11092,1109202,UT,56,56
11092,1109202,11292,1129202,CO,56,56
14869,1486903,11109,1110902,CO,57,57
12266,1226603,11292,1129202,CO,57,57
10721,1072102,11292,1129202,CO,57,57
15376,1537602,11292,1129202,CO,57,56
11292,1129202,13487,1348702,MN,57,57
13930,1393004,11292,1129202,CO,57,57
11292,1129202,11122,1112203,WY,57,57
13486,1348602,11292,1129202,CO,57,57
11292,1129202,10721,1072102,MA,58,57
10721,1072102,11292,1129202,CO,58,57
14869,1486903,11292,1129202,CO,58,57
11292,1129202,14869,1486903,UT,58,57
11292,1129202,13198,1319801,MO,58,58
11109,1110902,11292,1129202,CO,58,57
14869,1486903,11292,1129202,CO,58,58
10372,1037203,12892,1289205,CA,58,58
11292,1129202,14869,1486903,UT,58,58
14057,1405702,11292,1129202,CO,58,58
11292,1129202,12889,1288903,NV,58,58
15016,1501603,11292,1129202,CO,58,58
15370,1537002,11292,1129202,CO,58,58
13487,1348702,11292,1129202,CO,58,58
11122,1112203,11292,1129202,CO,58,59
13303,1330303,11292,1129202,CO,59,59
11292,1129202,14100,1410002,PA,59,56
11292,1129202,14252,1425202,WA,59,58
11292,1129202,14794,1479403,UT,59,59
11292,1129202,10620,1062002,MT,59,59
10620,1062002,11292,1129202,CO,59,59
11292,1129202,13930,1393004,IL,59,60
11292,1129202,11193,1119302,KY,59,59
12266,1226603,11292,1129202,CO,59,59
13204,1320402,11292,1129202,CO,59,59
11292,1129202,12266,1226603,TX,59,59
11292,1129202,12892,1289205,CA,59,59
12889,1288903,11292,1129202,CO,59,59
11292,1129202,13930,1393004,IL,59,59
12389,1238902,11292,1129202,CO,59,59
11292,1129202,12389,1238902,ND,59,59
14107,1410702,11292,1129202,CO,60,60
11292,1129202,13303,1330303,FL,60,60
11292,1129202,14107,1410702,AZ,60,60
12892,1289205,10372,1037203,CO,60,59
11540,1154003,11292,1129202,CO,60,59
14252,1425202,11292,1129202,CO,60,60
14794,1479403,11292,1129202,CO,60,60
14107,1410702,11413,1141304,CO,60,59
11292,1129202,11540,1154003,TX,60,59
14107,1410702,11921,1192102,CO,60,60
11413,1141304,14107,1410702,AZ,60,59
11921,1192102,14107,1410702,AZ,60,60
11292,1129202,10721,1072102,MA,60,59
12889,1288903,11292,1129202,CO,60,61
11193,1119302,11292,1129202,CO,60,60
12889,1288903,11292,1129202,CO,60,60
12892,1289205,11292,1129202,CO,60,60
14771,1477102,11292,1129202,CO,60,60
11292,1129202,12889,1288903,NV,60,60
11292,1129202,13204,1320402,FL,60,60
11292,1129202,14771,1477102,CA,60,60
14674,1467402,11292,1129202,CO,60,60
11292,1129202,14674,1467402,NM,60,60
14100,1410002,11292,1129202,CO,61,61
11292,1129202,11066,1106603,OH,61,61
13796,1379604,11292,1129202,CO,61,61
14747,1474703,11292,1129202,CO,61,61
11292,1129202,15016,1501603,MO,62,62
11292,1129202,10721,1072102,MA,62,62
11122,1112203,11292,1129202,CO,62,61
15376,1537602,11292,1129202,CO,62,62
11292,1129202,11122,1112203,WY,63,62
11292,1129202,15304,1530402,FL,63,63
11292,1129202,11921,1192102,CO,64,63
11292,1129202,12953,1295302,NY,65,65
11921,1192102,11292,1129202,CO,65,64
11618,1161802,11292,1129202,CO,65,65
12003,1200302,11292,1129202,CO,65,65
11292,1129202,12003,1200302,MT,65,65
12264,1226402,11292,1129202,CO,65,65
11292,1129202,14057,1405702,OR,66,66
11292,1129202,12266,1226603,TX,66,66
11292,1129202,14107,1410702,AZ,66,66
11638,1163805,11292,1129202,CO,67,67
11921,1192102,11292,1129202,CO,68,68
11292,1129202,11921,1192102,CO,69,69
14771,1477102,11292,1129202,CO,69,69
13487,1348702,11292,1129202,CO,70,70
11292,1129202,14771,1477102,CA,70,70
11618,1161802,11292,1129202,CO,71,69
14107,1410702,11292,1129202,CO,71,70
13342,1334205,11292,1129202,CO,71,71
10721,1072102,11292,1129202,CO,72,72
14457,1445702,11292,1129202,CO,72,72
11292,1129202,10627,1062702,ND,73,72
11292,1129202,12191,1219102,TX,73,74
11292,1129202,14679,1467903,CA,73,73
10627,1062702,11292,1129202,CO,74,74
13796,1379604,11292,1129202,CO,74,74
11292,1129202,13851,1385103,OK,74,74
11292,1129202,14869,1486903,UT,75,74
12264,1226402,11292,1129202,CO,75,74
11292,1129202,14457,1445702,SD,75,75
13851,1385103,11292,1129202,CO,75,77
14057,1405702,11292,1129202,CO,76,77
11292,1129202,14683,1468303,TX,76,76
14747,1474703,11292,1129202,CO,76,76
11292,1129202,11637,1163703,ND,77,77
12953,1295302,11292,1129202,CO,77,77
11292,1129202,10272,1027203,CO,78,78
14288,1428803,11292,1129202,CO,78,77
11292,1129202,14288,1428803,CO,78,76
10272,1027203,11292,1129202,CO,78,78
11292,1129202,14057,1405702,OR,79,80
11292,1129202,13342,1334205,WI,79,79
11292,1129202,10140,1014003,NM,79,79
11292,1129202,14747,1474703,WA,79,79
12266,1226603,11292,1129202,CO,79,79
11292,1129202,14908,1490803,CA,79,79
14747,1474703,11292,1129202,CO,79,79
14908,1490803,11292,1129202,CO,80,79
12892,1289205,11292,1129202,CO,80,80
11292,1129202,11278,1127803,VA,80,80
11292,1129202,12953,1295302,NY,81,81
11292,1129202,14771,1477102,CA,81,81
11292,1129202,13930,1393004,IL,81,75
11637,1163703,11292,1129202,CO,81,81
14771,1477102,11292,1129202,CO,81,81
11278,1127803,11292,1129202,CO,81,81
12191,1219102,11292,1129202,CO,82,79
13930,1393004,11292,1129202,CO,82,76
14683,1468303,11292,1129202,CO,82,82
12953,1295302,11292,1129202,CO,82,82
11292,1129202,12892,1289205,CA,82,82
11292,1129202,12264,1226402,VA,83,83
10140,1014003,11292,1129202,CO,83,83
10800,1080003,11292,1129202,CO,83,83
12339,1233904,11292,1129202,CO,83,82
11292,1129202,10800,1080003,CA,83,82
11292,1129202,12953,1295302,NY,84,79
13871,1387102,11292,1129202,CO,84,85
11292,1129202,13871,1387102,NE,84,84
12191,1219102,11292,1129202,CO,84,82
10821,1082104,11292,1129202,CO,84,85
11292,1129202,10397,1039705,GA,85,85
11292,1129202,14869,1486903,UT,85,85
11618,1161802,11292,1129202,CO,86,84
14869,1486903,11921,1192102,CO,86,86
15016,1501603,11292,1129202,CO,86,85
11921,1192102,14869,1486903,UT,86,86
11292,1129202,13204,1320402,FL,86,86
14771,1477102,11292,1129202,CO,86,84
11292,1129202,14771,1477102,CA,86,84
13204,1320402,11292,1129202,CO,86,86
11292,1129202,10693,1069302,TN,87,86
11292,1129202,12280,1228002,ID,89,89
11292,1129202,14831,1483104,CA,89,88
12892,1289205,11292,1129202,CO,89,88
12280,1228002,11292,1129202,CO,89,89
10821,1082104,11292,1129202,CO,89,88
11921,1192102,11298,1129804,TX,90,88
11298,1129804,11413,1141304,CO,90,86
11298,1129804,11921,1192102,CO,90,88
11292,1129202,12892,1289205,CA,90,88
11413,1141304,11298,1129804,TX,90,86
11292,1129202,13796,1379604,CA,91,91
11292,1129202,11109,1110902,CO,92,90
11292,1129202,14747,1474703,WA,93,93
13930,1393004,11292,1129202,CO,93,92
11292,1129202,13930,1393004,IL,93,92
11292,1129202,14747,1474703,WA,95,95
11292,1129202,12191,1219102,TX,96,96
10693,1069302,11292,1129202,CO,97,98
14771,1477102,11292,1129202,CO,97,97
10397,1039705,11292,1129202,CO,100,99
11292,1129202,14747,1474703,WA,100,100
11292,1129202,11618,1161802,NJ,101,101
14747,1474703,11292,1129202,CO,101,101
11292,1129202,11638,1163805,CA,101,100
14771,1477102,11292,1129202,CO,102,102
11292,1129202,15016,1501603,MO,103,101
11292,1129202,12339,1233904,IN,103,102
14747,1474703,11292,1129202,CO,104,104
11292,1129202,14679,1467903,CA,105,105
10423,1042302,11292,1129202,CO,106,106
14831,1483104,11292,1129202,CO,108,108
14869,1486903,11292,1129202,CO,108,108
11292,1129202,10423,1042302,TX,109,109
11292,1129202,11413,1141304,CO,112,112
11413,1141304,11292,1129202,CO,113,113
14893,1489302,11292,1129202,CO,113,113
11292,1129202,13232,1323202,IL,115,114
11292,1129202,14771,1477102,CA,116,116
11292,1129202,14893,1489302,CA,120,120
11298,1129804,11109,1110902,CO,121,117
11109,1110902,11298,1129804,TX,121,118
13232,1323202,11292,1129202,CO,123,121
11292,1129202,14771,1477102,CA,125,124
11292,1129202,10821,1082104,MD,129,128
11292,1129202,11109,1110902,CO,129,127
11292,1129202,12266,1226603,TX,130,129
13487,1348702,11292,1129202,CO,130,130
14679,1467903,11292,1129202,CO,132,131
11292,1129202,13487,1348702,MN,132,132
11109,1110902,11292,1129202,CO,137,135
11292,1129202,12264,1226402,VA,137,137
11292,1129202,12892,1289205,CA,138,138
12892,1289205,11292,1129202,CO,138,138
14908,1490803,11292,1129202,CO,142,141
11292,1129202,14908,1490803,CA,142,142
11292,1129202,10397,1039705,GA,144,142
14869,1486903,11292,1129202,CO,145,145
13232,1323202,11292,1129202,CO,145,143
10397,1039705,11292,1129202,CO,146,145
12264,1226402,11292,1129202,CO,147,146
13487,1348702,11292,1129202,CO,151,149
11292,1129202,13487,1348702,MN,151,152
11292,1129202,13232,1323202,IL,152,150
11259,1125903,11292,1129202,CO,153,151
11292,1129202,14869,1486903,UT,158,158
11292,1129202,11259,1125903,TX,163,159
12266,1226603,11292,1129202,CO,165,164
11292,1129202,12892,1289205,CA,170,170
12892,1289205,11292,1129202,CO,173,173
11292,1129202,10372,1037203,CO,176,171
10372,1037203,11292,1129202,CO,178,174
11292,1129202,13198,1319801,MO,180,180
11292,1129202,11057,1105703,NC,180,180
11057,1105703,11292,1129202,CO,180,178
13198,1319801,11292,1129202,CO,190,189
14107,1410702,11292,1129202,CO,211,210
11292,1129202,14107,1410702,AZ,213,213
11292,1129202,12889,1288903,NV,217,216
11292,1129202,13930,1393004,IL,218,216
11298,1129804,11292,1129202,CO,231,227
13930,1393004,11292,1129202,CO,231,227
12889,1288903,11292,1129202,CO,257,255
11292,1129202,11298,1129804,TX,260,256
